Company-GO-ID,Company name,Start Interrupt,End Interrupt,Comment
11,Schweizerische Bundesbahnen SBB,,,
22,Appenzeller Bahnen (ab),,,
23,Transports Publics du Chablais,,,
29,Transports de la région Morges-Bière-Cossonay (MBC),,,
31,BDWM Transport (bd),,,
32,BLM  BLM Lauterbrunnen-Mürren,,,
33,BLS AG (bls),,,
35,Berner Oberland-Bahnen,,,
37,BLT Baselland Transport,,,
38,Aare Seeland mobil (BTI),,,
41,Aargau Verkehr AG,,,
42,Montreux-Vevey-Riviera (mtgn),,,
43,Chemins de fer du Jura,,,
44,Transports Publics Neuchâtelois SA (TRN-cmn) ,,,
46,Forchbahn,,,
47,FLP Lugano-Ponte Tresa,,,
48,Matterhorn Gotthard Bahn (fo),,,
49,Ferrovie Autolinee Regionali Ticinesi,,,
51,Frauenfeld-Will,,,
53,Transports publics fribourgeois,,,
55,Lausanne-Echallens-Bercher,,,
56,Aare Seeland mobil (RVO),,,
61,Transports de Martigny et Régions (mc),,,
64,Montreux-Oberland Bernois,,,
65,THURBO,,,
66,Nyon-St-Cergue-Morez (NStCM),,,
69,Transports Vallée de Joux-Yverdon-Ste-Croix (TRAVYS-pbr),,,
72,Rhätische Bahn,,,
73,Transports Publics Neuchâtelois SA (rvt),,,
74,Regionalps,,,
78,Sihltal-Zürich-Uetliberg-Bahn,,,
81,Aare Seeland mobil (snb),,,
82,Schweizerische Südostbahn (sob),,,
86,Zentralbahn,,,
87,Verkehrsbetriebe Zürcher Oberland (VZO),,,
88,Regionalverkehr Bern-Solothurn (RBS),,,
93,Matterhorn Gotthard Bahn (bvz),,,
94,Waldenburgerbahn,,,
96,Wynental-und Suhrental-Bahn,,,
97,Transports Vallée de Joux-Yverdon-Ste-Croix,,,
104,Brienz Rothorn Bahn AG,,,"Keine ""echten"" Echtzeitdaten; es wird jeweils eine ISTFahrt mit PrognoseStatus immer Unbekannt und ohne Prognosezeiten geliefert"
121,Gornergratbahn,,,
124,Jungfraubahn,,,
129,Ferrovia Monte Generoso,,,
131,Montreux-Vevey-Riviera (cev),,,
132,Meiringen-Innertkirchen-Bahn (KWO-mib),,,
136,Pilatusbahnen,,,"Keine ""echten"" Echtzeitdaten; es wird jeweils eine ISTFahrt mit PrognoseStatus immer Unbekannt und ohne Prognosezeiten geliefert"
137,Rigi Bahnen AG,,,
138,Bus Ostschweiz (Rheintal),,,Es sind nicht alle Linien verfügbar. 
142,"SMC, Sierre-Montana-",,,
146,Verkehrsbetriebe STI AG,,,
151,Transport publics de la Région Lausannoise,,,exkl. Taxibus und Noctambus
153,Transports Publics Neuchâtelois SA (TRN-tn),,,
156,Service d’automobiles TRN (TRN/Autovr) ,,,
157,Wengernalpbahn,,,
185,Vierwaldstättersee,,,
192,BLS Schiffahrt AG,,,"Keine ""echten"" Echtzeitdaten; es wird jeweils eine ISTFahrt mit PrognoseStatus immer Unbekannt und ohne Prognosezeiten geliefert"
351,SBB GmbH (Grenzverkehr),,,
605,Grindelwald Bus AG,,,
712,Autoservizi Silvestri Livigno (ASL),,,
714,"BS, Bus du Soleil ",,,
723,Aargau Verkehr AG,,,
731,Autotransports de la Vallée de Joux,,,
736,Autolinea Mendrisiense SA,,,
737,Servizio dautomobili,,,
736,AMSA Autolinea Mendrisiense SA,,,
737,SNL Auto Servizio d'automobili,,,
738,TPN Transports Publics de la Région Nyonnaise,,,
740,Verkehrsbetrieb der Landschaft Davos,,,
741,BNP Bus Nyon-Prangins,,,
755,Autobusbetrieb Freienbach,,,
764,MBC Auto Automobiles MBC,,,
765,Bus Commune Sion (BCS),,,
766,Stadtbus Chur (SBC),,,
772,Busbetrieb Rapperswil-Eschenbach-Rüti ZH,,,Es sind nicht alle Linien verfügbar. 
773,Verkehrsbetriebe Glattal,,,Es sind nicht alle Linien verfügbar. Sonntags ohne Echtzeit - Taxibus
777,Busbetrieb Wollerau-Samstagern,,,Es sind nicht alle Linien verfügbar. Sonntags ohne Echtzeit - Taxibus
792,Transports Publics Neuchâtelois SA (TRN/tc),,,
793,Busbetrieb Olten-Gösgen-Gäu,,,
796,Service d’automobiles TRN (TRN/Autorvt) ,,,
799,Verkehrsbetriebe Herisau (VBH),,,
801,PostAuto Schweiz,,,"Es sind nicht alle Linien verfügbar. So z. B. im Bereich ZVV sowie auch bestimmte Linien der Regionen Bern, Interlaken und Luzern"
805,Verkehrsbetrieb LIECHTENSTEINmobil),,,
807,Automobildienst SZU,,,Es sind nicht alle Linien verfügbar
810,BLWE Busbetrieb Lichtensteig-Wattwil-Ebnat-Kappel,,,
811,"AAGL, Autobus AG Liestal ",,,
812,Auto AG Rothenburg,,,
813,Autoverkehr Frutigen-Adelboden,,,
814,"RA / Bus, RegionAlps Bus",,,
815,BUS/eng Bus und Service AG (Engadin),,,
816,Auto AG Uri,,,ohne Tellbus (Mischlinie)
817,FAR Autoliniee FART,,,Miit Ausnahme Linie 8
818,Transports Publics du Chablais,,,
819,Rottal Auto AG,,,"Es sind nicht alle Linien verfügbar. Nur diese, welche eine genügend gute Datenqualität aufweisen."
820,Verkehrsbetriebe Luzern AG,,,mit Ausnahme Linie N6 (Mischlinie VBL/PAG)
822,Busbetrieb BOB (BOB Auto),,,
823,Basler Verkehrsbetriebe,,,
826,Bus Ostschweiz (Wil),,,"Es sind nicht alle Linien verfügbar. Nur diese, welche eine genügend gute Datenqualität aufweisen."
827,Städtische Verkehrsbetriebe Bern,,,ohne M94
832,Autobetrieb Weesen-Amden,,,
833,Automobiles CJ,,,
834,Service d’automobile TPF (TPF Auto),,,nur VDV453
835,Service d'automobiles TMR ,,,
836,Verkehrsbetriebe Schaffhausen,,,
838,Verkehrsbetriebe Zürichsee und Oberland,,,"Es sind nicht alle Linien verfügbar. Nur diese, welche eine genügend gute Datenqualität aufweisen."
839,Zugerland Verkehrsbetriebe,,,
840,BBA Busbetrieb Aarau,,,Es sind nicht alle Linien verfügbar
841,Auto AG Schwyz (AAGS),,,
843,Autokurse Oberthurgau (AOT),,,
846,Regionale Verkehrsbetriebe Schaffhausen,,,
849,Verkehrsbetriebe Zürich,,,"Es sind nicht alle Linien verfügbar. Nur diese, welche eine genügend gute Datenqualität aufweisen."
850,Autobusbetrieb RBS,,,ohne Linie 8
853,"TSD-asdt, Theytaz Excursions Sion ",,,
855,"LLB, Auto Leuk-Leukerbad ",,,
856,Autobetrieb Sernftal,,,ohne Linie 541 und 736
858,ARL Autolinee Regionali Luganesi,,,
859,AVG Autoverkehr Grindelwald,,,"Linie 124 saisonale Linie, teilweise ohne Echtzeitinformation"
862,ABI Autolinee Bleniesi,,,
868,TRAVYS/ays Transports Vallée de Joux-Yverdon-Ste-Croix (auto ystec),,,
870,ASM Automobildienste Aare Seeland mobil,,,Dieser Betreiber kann über die Zugnummer gematched werden
871,BLA Busland AG,,,
873,RBL Regionalbus Lenzburg,,,"Es sind nicht alle Linien verfügbar. Nur diese, welche eine genügend gute Datenqualität aufweisen."
874,Transport de la région Morges-Bière-Cossonay (MBC),,,
876,VMCV Transports publics Vevey-Montreux-Chillon-Villeneuve,,,
879,BLT Auto BLT,,,"Es sind nicht alle Linien verfügbar. Nur diese, welche eine genügend gute Datenqualität aufweisen."
881,Transports Publics Genevois,,,"Es sind nicht alle Linien verfügbar. Nur diese, welche eine genügend gute Datenqualität aufweisen."
882,Stadtbus Winterthur,,,
883,Busbetrieb Solothurn und Umgebung (BSU),,,ohne Linie 1
885,Verkehrsbetriebe der Stadt St.Gallen,,,
886,RVB Regionale Verkehrsbetriebe Baden-Wettingen,,,ohne Linie N33
888,"ASGS, Autotransports Sion-Grône-Sierre ",,,
889,Verkehrsbetriebe der Stadt Biel,,,
894,Busbetrieb Grenchen und Umgebung (BGU),,,ohne Linie 27
895,TRAVYSAuto Transports Vallée de Joux-Yverdon-Ste-Croix,,,
896,Regiobus Gossau SG,,,Ohne Linie 896
899,Aargau Verkehr AG (AVA/Autwm),,,
955,TPL Trasporti Pubblici Luganesi,,,ohne Linie S
3849,Verkehrsbetriebe Zürich INFO+,,,(Tram VBZ) ohne Linie 19
7094,GDLZ Gemeinde Luzein,,,
9020,TRA  TRAVYS/o Transports Vallée de Joux-Yverdon-Ste-Croix (oc/bus),,,
80:800631,Deutsche Bahn (DB),,,ausländisches Transportunternehmen
80:8006C4,Deutsche Bahn (DB),,,ausländisches Transportunternehmen
80:8006C5,Deutsche Bahn (DB),,,ausländisches Transportunternehmen
81:81____,Österreichische Bundesbahnen (ÖBB),,,ausländisches Transportunternehmen
,,,,ausländisches Transportunternehmen